<mxGraphModel>
  <root>
    <mxCell id="ea907e2b-7fdb-37c5-8efd-5a62776cc932"/>
    <mxCell id="c0b0cf09-e0e8-e0cc-429c-dd7b5344ee1d" parent="ea907e2b-7fdb-37c5-8efd-5a62776cc932"/>
    <start id="095852fd-c62b-8fce-d539-0a554e9c025b">
      <mxCell style="image;image=images/symbols/event.png" parent="c0b0cf09-e0e8-e0cc-429c-dd7b5344ee1d" vertex="1">
        <mxGeometry x="33" y="252" width="25" height="25" as="geometry"/>
      </mxCell>
    </start>
    <party label="Line Manager" to="${createdBy}" instruction="" allocationmethod="Original Recipient" groupdistribution="Rotational" id="ffd9a299-49d0-f683-51a6-aed50f956f71">
      <mxCell style="image;image=images/user.png" parent="c0b0cf09-e0e8-e0cc-429c-dd7b5344ee1d" vertex="1">
        <mxGeometry x="162" y="241" width="48" height="48" as="geometry"/>
      </mxCell>
    </party>
    <mxCell id="b7a715b3-ec76-9b8a-ce4c-45c5700dd395" value="" parent="c0b0cf09-e0e8-e0cc-429c-dd7b5344ee1d" source="095852fd-c62b-8fce-d539-0a554e9c025b" target="ffd9a299-49d0-f683-51a6-aed50f956f71" edge="1">
      <mxGeometry relative="1" as="geometry"/>
    </mxCell>
    <event label="Document.sign" async="false" id="07f16dbe-7d76-d0c1-10d4-61d814c7a260">
      <mxCell style="image;image=images/symbols/rule.png" parent="c0b0cf09-e0e8-e0cc-429c-dd7b5344ee1d" vertex="1">
        <mxGeometry x="312" y="249" width="32" height="32" as="geometry"/>
      </mxCell>
    </event>
    <mxCell id="a82147b7-fe12-2ec0-0e6f-a28ce4fcf8c0" value="" parent="c0b0cf09-e0e8-e0cc-429c-dd7b5344ee1d" source="ffd9a299-49d0-f683-51a6-aed50f956f71" target="07f16dbe-7d76-d0c1-10d4-61d814c7a260" edge="1">
      <mxGeometry relative="1" as="geometry"/>
    </mxCell>
    <rule name="runScript" properties="{&quot;properties.sync&quot;:&quot;false&quot;,&quot;properties.script&quot;:&quot;&quot;,&quot;properties.path&quot;:&quot;System/scripts/HmpGenerateTransferLetter.groovy&quot;}" label="Generate Transfer Letter" id="c2c83a87-994d-4e2f-516d-35add2606f23">
      <mxCell style="image;image=images/script.png" parent="c0b0cf09-e0e8-e0cc-429c-dd7b5344ee1d" vertex="1">
        <mxGeometry x="453" y="246" width="38" height="38" as="geometry"/>
      </mxCell>
    </rule>
    <mxCell id="a6fe49a9-0662-907b-e016-f0b427ab8f74" value="" parent="c0b0cf09-e0e8-e0cc-429c-dd7b5344ee1d" source="07f16dbe-7d76-d0c1-10d4-61d814c7a260" target="c2c83a87-994d-4e2f-516d-35add2606f23" edge="1">
      <mxGeometry relative="1" as="geometry"/>
    </mxCell>
    <rule name="sendEmail" properties="{&quot;properties.to&quot;:&quot;${_hcp_}&quot;,&quot;properties.subject&quot;:&quot;Request For Transfer ${formNo}&quot;,&quot;properties.from&quot;:&quot;&quot;,&quot;properties.inReplyTo&quot;:&quot;&quot;,&quot;properties.html&quot;:&quot;false&quot;,&quot;properties.sms&quot;:&quot;false&quot;,&quot;properties.body&quot;:&quot;Dear ${hcp_name}\n\nPlease note that the request for transfer for ${employee_name} has been generated. Please open the link to review and approve. \n\n${permLink}\n&quot;,&quot;properties.attachSource&quot;:&quot;false&quot;,&quot;properties.attachAttachments&quot;:&quot;false&quot;,&quot;properties.attachPdf&quot;:&quot;false&quot;,&quot;properties.attachLinks&quot;:&quot;false&quot;,&quot;properties.index&quot;:&quot;&quot;}" id="1beaad79-29c8-0d10-4c0b-fa1b458effab">
      <mxCell style="image;image=images/send_email.png" parent="c0b0cf09-e0e8-e0cc-429c-dd7b5344ee1d" vertex="1">
        <mxGeometry x="579" y="246" width="38" height="38" as="geometry"/>
      </mxCell>
    </rule>
    <mxCell id="84a3414a-5cb6-34f7-4e20-b2de40ed1736" value="" parent="c0b0cf09-e0e8-e0cc-429c-dd7b5344ee1d" source="c2c83a87-994d-4e2f-516d-35add2606f23" target="1beaad79-29c8-0d10-4c0b-fa1b458effab" edge="1">
      <mxGeometry relative="1" as="geometry"/>
    </mxCell>
    <end id="c1e050c1-6ae7-b8b7-485b-a73fcd6ec1d4">
      <mxCell style="image;image=images/symbols/terminate.png" parent="c0b0cf09-e0e8-e0cc-429c-dd7b5344ee1d" vertex="1">
        <mxGeometry x="672" y="252" width="25" height="25" as="geometry"/>
      </mxCell>
    </end>
    <mxCell id="fe5fe7b0-95b1-9430-d283-7656c4edfd9d" value="" parent="c0b0cf09-e0e8-e0cc-429c-dd7b5344ee1d" source="1beaad79-29c8-0d10-4c0b-fa1b458effab" target="c1e050c1-6ae7-b8b7-485b-a73fcd6ec1d4" edge="1">
      <mxGeometry relative="1" as="geometry"/>
    </mxCell>
    <version label="0.5" docid="33518" date="Wed Mar 21 2018 23:09:54 GMT+0200 (SAST)" docId="33518" id="7b96d96c-4526-f232-a22e-dbf9bffe709b">
      <mxCell parent="c0b0cf09-e0e8-e0cc-429c-dd7b5344ee1d" vertex="1" connectable="0">
        <mxGeometry x="5" y="5" width="40" height="20" as="geometry"/>
      </mxCell>
    </version>
  </root>
</mxGraphModel>
