<mxGraphModel>
  <root>
    <mxCell id="54f5ba89-8038-e576-5c63-a9e0e41cbdf4"/>
    <mxCell id="e1de412a-2da2-211a-b41c-c67274e1ba18" parent="54f5ba89-8038-e576-5c63-a9e0e41cbdf4"/>
    <start id="5aa496a3-0528-abc1-6fbf-be449196b0a5">
      <mxCell style="image;image=images/symbols/event.png" parent="e1de412a-2da2-211a-b41c-c67274e1ba18" vertex="1">
        <mxGeometry x="32" y="228" width="25" height="25" as="geometry"/>
      </mxCell>
    </start>
    <event label="Document.sign" async="false" id="819170ab-b523-5d2f-94cf-4d0f0f970b33">
      <mxCell style="image;image=images/symbols/rule.png" parent="e1de412a-2da2-211a-b41c-c67274e1ba18" vertex="1">
        <mxGeometry x="216" y="225" width="32" height="32" as="geometry"/>
      </mxCell>
    </event>
    <party label="HCP" to="${_hcp_}" instruction="" allocationmethod="Original Recipient" groupdistribution="Rotational" id="2e79e89a-1635-60b3-6f7a-90aabe9e2230">
      <mxCell style="image;image=images/user.png" parent="e1de412a-2da2-211a-b41c-c67274e1ba18" vertex="1">
        <mxGeometry x="100" y="217" width="48" height="48" as="geometry"/>
      </mxCell>
    </party>
    <mxCell id="f1308c4d-a828-37cd-7add-3e9ec05620f3" value="" parent="e1de412a-2da2-211a-b41c-c67274e1ba18" source="5aa496a3-0528-abc1-6fbf-be449196b0a5" target="2e79e89a-1635-60b3-6f7a-90aabe9e2230" edge="1">
      <mxGeometry relative="1" as="geometry"/>
    </mxCell>
    <mxCell id="b649a8d3-9ca4-3086-3169-3d90464fa0f1" value="" parent="e1de412a-2da2-211a-b41c-c67274e1ba18" source="2e79e89a-1635-60b3-6f7a-90aabe9e2230" target="819170ab-b523-5d2f-94cf-4d0f0f970b33" edge="1">
      <mxGeometry relative="1" as="geometry"/>
    </mxCell>
    <end id="4b5ecf53-2068-e3f0-f253-e35f7edcf85d">
      <mxCell style="image;image=images/symbols/terminate.png" parent="e1de412a-2da2-211a-b41c-c67274e1ba18" vertex="1">
        <mxGeometry x="936" y="294" width="25" height="25" as="geometry"/>
      </mxCell>
    </end>
    <version label="0.19" docid="33519" date="Thu Mar 22 2018 14:12:24 GMT+0200 (SAST)" docId="33519" id="8d2f56ee-5e86-d1e6-f6bc-af40ffd26814">
      <mxCell parent="e1de412a-2da2-211a-b41c-c67274e1ba18" vertex="1" connectable="0">
        <mxGeometry x="5" y="5" width="40" height="20" as="geometry"/>
      </mxCell>
    </version>
    <conditional label="Grade" id="4e58d74a-cd67-b2aa-914d-4c111121fcf6">
      <mxCell style="rhombus" parent="e1de412a-2da2-211a-b41c-c67274e1ba18" vertex="1">
        <mxGeometry x="324" y="216" width="50" height="50" as="geometry"/>
      </mxCell>
    </conditional>
    <mxCell id="c70dc6e2-1094-8038-fd62-d0e93f3ce37c" value="" parent="e1de412a-2da2-211a-b41c-c67274e1ba18" source="819170ab-b523-5d2f-94cf-4d0f0f970b33" target="4e58d74a-cd67-b2aa-914d-4c111121fcf6" edge="1">
      <mxGeometry relative="1" as="geometry"/>
    </mxCell>
    <rule name="runScript" label="Find COAM" properties="{&quot;properties.sync&quot;:&quot;false&quot;,&quot;properties.script&quot;:&quot;import com.egis.kernel.Kernel;\ndoc.signature().assignRole(&#39;_approver_&#39;, &#39;&#39;)\ndoc.workflow().set(&#39;_approver_&#39;, Kernel.get(&#39;com.egis.party.GroupService&#39;).getMembers(&#39;COAM&#39;, null)[0])\n&quot;,&quot;properties.path&quot;:&quot;&quot;}" id="e7d43641-f5fa-9dc9-fe8f-976a7526a209">
      <mxCell style="image;image=images/script.png" parent="e1de412a-2da2-211a-b41c-c67274e1ba18" vertex="1">
        <mxGeometry x="330" y="375" width="38" height="38" as="geometry"/>
      </mxCell>
    </rule>
    <rule name="runScript" label="Find GM HR" properties="{&quot;properties.sync&quot;:&quot;false&quot;,&quot;properties.script&quot;:&quot;import com.egis.kernel.Kernel;\ndoc.signature().assignRole(&#39;_approver_&#39;, &#39;&#39;)\ndoc.workflow().set(&#39;_approver_&#39;, Kernel.get(&#39;com.egis.party.GroupService&#39;).getMembers(&#39;GM HR&#39;, null)[0])\n&quot;,&quot;properties.path&quot;:&quot;&quot;}" id="f62c623e-4ebd-9d0b-1a14-6639a2df77a8">
      <mxCell style="image;image=images/script.png" parent="e1de412a-2da2-211a-b41c-c67274e1ba18" vertex="1">
        <mxGeometry x="330" y="80" width="38" height="38" as="geometry"/>
      </mxCell>
    </rule>
    <mxCell id="56e34e3a-37c8-75a2-7fab-558f448a5cca" value="grade == &#39;C&#39;" style="elbow=vertical" parent="e1de412a-2da2-211a-b41c-c67274e1ba18" source="4e58d74a-cd67-b2aa-914d-4c111121fcf6" target="e7d43641-f5fa-9dc9-fe8f-976a7526a209" edge="1" label="C Role">
      <mxGeometry relative="1" as="geometry"/>
    </mxCell>
    <mxCell id="02184956-26af-1569-f481-407ca39a2335" value="grade == &#39;D&#39;" parent="e1de412a-2da2-211a-b41c-c67274e1ba18" source="4e58d74a-cd67-b2aa-914d-4c111121fcf6" target="f62c623e-4ebd-9d0b-1a14-6639a2df77a8" edge="1" label="D Role">
      <mxGeometry relative="1" as="geometry"/>
    </mxCell>
    <rule name="runScript" label="Find SM HR" properties="{&quot;properties.sync&quot;:&quot;false&quot;,&quot;properties.script&quot;:&quot;import com.egis.kernel.Kernel;\ndoc.signature().assignRole(&#39;_approver_&#39;, &#39;&#39;)\ndoc.workflow().set(&#39;_approver_&#39;, Kernel.get(&#39;com.egis.party.GroupService&#39;).getMembers(&#39;SM HR&#39;, null)[0])\n&quot;,&quot;properties.path&quot;:&quot;&quot;}" id="4a15b31a-0e0a-1c92-d6be-469d65e973e5">
      <mxCell style="image;image=images/script.png" parent="e1de412a-2da2-211a-b41c-c67274e1ba18" vertex="1">
        <mxGeometry x="459" y="178" width="38" height="38" as="geometry"/>
      </mxCell>
    </rule>
    <rule name="runScript" properties="{&quot;properties.sync&quot;:&quot;false&quot;,&quot;properties.script&quot;:&quot;import com.egis.kernel.Kernel;\ndoc.signature().assignRole(&#39;_approver_&#39;, &#39;&#39;)\ndoc.workflow().set(&#39;_approver_&#39;, Kernel.get(&#39;com.egis.party.GroupService&#39;).getMembers(&#39;HCM&#39;, null)[0])\n&quot;,&quot;properties.path&quot;:&quot;&quot;}" label="Find HCM" id="4e942e1d-27af-f471-6408-e908f42e0b19">
      <mxCell style="image;image=images/script.png" parent="e1de412a-2da2-211a-b41c-c67274e1ba18" vertex="1">
        <mxGeometry x="459" y="276" width="38" height="38" as="geometry"/>
      </mxCell>
    </rule>
    <mxCell id="f9d7f6d4-7225-d6ad-e173-13351b97fe4b" value="grade == &#39;G and Below&#39;" parent="e1de412a-2da2-211a-b41c-c67274e1ba18" source="4e58d74a-cd67-b2aa-914d-4c111121fcf6" target="4e942e1d-27af-f471-6408-e908f42e0b19" edge="1" label="G and Below Role">
      <mxGeometry relative="1" as="geometry"/>
    </mxCell>
    <mxCell id="6a1f0f6e-309e-ce37-6524-a2e07a3b290c" value="grade == &#39;E to F&#39;" style="elbow=vertical" parent="e1de412a-2da2-211a-b41c-c67274e1ba18" source="4e58d74a-cd67-b2aa-914d-4c111121fcf6" target="4a15b31a-0e0a-1c92-d6be-469d65e973e5" edge="1" label="E to F Role">
      <mxGeometry relative="1" as="geometry"/>
    </mxCell>
    <rule name="sendEmail" properties="{&quot;properties.to&quot;:&quot;COAM&quot;,&quot;properties.subject&quot;:&quot;Transfer Letter Approved - ${formNo}&quot;,&quot;properties.from&quot;:&quot;&quot;,&quot;properties.inReplyTo&quot;:&quot;&quot;,&quot;properties.html&quot;:&quot;false&quot;,&quot;properties.sms&quot;:&quot;false&quot;,&quot;properties.body&quot;:&quot;Dear \n\nPlease note that the request for transfer of ${employee_name} has been approved.\n\n${permLink}\n\nRegards\nTE&quot;,&quot;properties.attachSource&quot;:&quot;false&quot;,&quot;properties.attachAttachments&quot;:&quot;false&quot;,&quot;properties.attachPdf&quot;:&quot;false&quot;,&quot;properties.attachLinks&quot;:&quot;false&quot;,&quot;properties.index&quot;:&quot;&quot;}" id="b7d2d26c-c873-0c69-3f8f-1acfd3d02bc3">
      <mxCell style="image;image=images/send_email.png" parent="e1de412a-2da2-211a-b41c-c67274e1ba18" vertex="1">
        <mxGeometry x="453" y="375" width="38" height="38" as="geometry"/>
      </mxCell>
    </rule>
    <mxCell id="64ed26b0-aeca-ca20-d162-38457a727c46" value="" parent="e1de412a-2da2-211a-b41c-c67274e1ba18" source="e7d43641-f5fa-9dc9-fe8f-976a7526a209" target="b7d2d26c-c873-0c69-3f8f-1acfd3d02bc3" edge="1">
      <mxGeometry relative="1" as="geometry"/>
    </mxCell>
    <rule name="sendEmail" properties="{&quot;properties.to&quot;:&quot;GM HR&quot;,&quot;properties.subject&quot;:&quot;Transfer Letter Approved - ${formNo}&quot;,&quot;properties.from&quot;:&quot;&quot;,&quot;properties.inReplyTo&quot;:&quot;&quot;,&quot;properties.html&quot;:&quot;false&quot;,&quot;properties.sms&quot;:&quot;false&quot;,&quot;properties.body&quot;:&quot;Dear \n\nPlease note that the request for transfer of ${employee_name} has been approved.\n\n${permLink}\n\nRegards\nTE&quot;,&quot;properties.attachSource&quot;:&quot;false&quot;,&quot;properties.attachAttachments&quot;:&quot;false&quot;,&quot;properties.attachPdf&quot;:&quot;false&quot;,&quot;properties.attachLinks&quot;:&quot;false&quot;,&quot;properties.index&quot;:&quot;&quot;}" id="ac7fec05-7e50-241d-a4e5-d302e60bd8f7">
      <mxCell style="image;image=images/send_email.png" parent="e1de412a-2da2-211a-b41c-c67274e1ba18" vertex="1">
        <mxGeometry x="455" y="80" width="38" height="38" as="geometry"/>
      </mxCell>
    </rule>
    <mxCell id="cd9f3b8f-3ee3-5118-5fea-dff798d05aae" value="" parent="e1de412a-2da2-211a-b41c-c67274e1ba18" source="f62c623e-4ebd-9d0b-1a14-6639a2df77a8" target="ac7fec05-7e50-241d-a4e5-d302e60bd8f7" edge="1">
      <mxGeometry relative="1" as="geometry"/>
    </mxCell>
    <rule name="sendEmail" properties="{&quot;properties.to&quot;:&quot;SM HR&quot;,&quot;properties.subject&quot;:&quot;Transfer Letter Approved - ${formNo}&quot;,&quot;properties.from&quot;:&quot;&quot;,&quot;properties.inReplyTo&quot;:&quot;&quot;,&quot;properties.html&quot;:&quot;false&quot;,&quot;properties.sms&quot;:&quot;false&quot;,&quot;properties.body&quot;:&quot;Dear \n\nPlease note that the request for transfer of ${employee_name} has been approved.\n\n${permLink}\n\nRegards\nTE&quot;,&quot;properties.attachSource&quot;:&quot;false&quot;,&quot;properties.attachAttachments&quot;:&quot;false&quot;,&quot;properties.attachPdf&quot;:&quot;false&quot;,&quot;properties.attachLinks&quot;:&quot;false&quot;,&quot;properties.index&quot;:&quot;&quot;}" id="6a3093db-396c-f93d-e389-0c4a0daf06a4">
      <mxCell style="image;image=images/send_email.png" parent="e1de412a-2da2-211a-b41c-c67274e1ba18" vertex="1">
        <mxGeometry x="591" y="178" width="38" height="38" as="geometry"/>
      </mxCell>
    </rule>
    <mxCell id="7d94e880-74c0-80dc-3708-de69fbf23417" value="" parent="e1de412a-2da2-211a-b41c-c67274e1ba18" source="4a15b31a-0e0a-1c92-d6be-469d65e973e5" target="6a3093db-396c-f93d-e389-0c4a0daf06a4" edge="1">
      <mxGeometry relative="1" as="geometry"/>
    </mxCell>
    <rule name="sendEmail" properties="{&quot;properties.to&quot;:&quot;HCM&quot;,&quot;properties.subject&quot;:&quot;Transfer Letter Approved - ${formNo}&quot;,&quot;properties.from&quot;:&quot;&quot;,&quot;properties.inReplyTo&quot;:&quot;&quot;,&quot;properties.html&quot;:&quot;false&quot;,&quot;properties.sms&quot;:&quot;false&quot;,&quot;properties.body&quot;:&quot;Dear \n\nPlease note that the request for transfer of ${employee_name} has been approved.\n\n${permLink}\n\nRegards\nTE&quot;,&quot;properties.attachSource&quot;:&quot;false&quot;,&quot;properties.attachAttachments&quot;:&quot;false&quot;,&quot;properties.attachPdf&quot;:&quot;false&quot;,&quot;properties.attachLinks&quot;:&quot;false&quot;,&quot;properties.index&quot;:&quot;&quot;}" id="28d35482-ffc2-1392-237e-c8f795017d0c">
      <mxCell style="image;image=images/send_email.png" parent="e1de412a-2da2-211a-b41c-c67274e1ba18" vertex="1">
        <mxGeometry x="591" y="276" width="38" height="38" as="geometry"/>
      </mxCell>
    </rule>
    <mxCell id="cf243312-46a9-f6af-e2cd-cfe1c9b655fe" value="" parent="e1de412a-2da2-211a-b41c-c67274e1ba18" source="4e942e1d-27af-f471-6408-e908f42e0b19" target="28d35482-ffc2-1392-237e-c8f795017d0c" edge="1">
      <mxGeometry relative="1" as="geometry"/>
    </mxCell>
    <party label="GM HR" to="${_approver_}" instruction="" allocationmethod="Original Recipient" groupdistribution="Rotational" id="deba5856-9a26-6de0-3d50-981594227df7">
      <mxCell style="image;image=images/user.png" parent="e1de412a-2da2-211a-b41c-c67274e1ba18" vertex="1">
        <mxGeometry x="586" y="75" width="48" height="48" as="geometry"/>
      </mxCell>
    </party>
    <party label="COAM" to="${_approver_}" instruction="" allocationmethod="Original Recipient" groupdistribution="Rotational" id="503024ee-e14c-2fb6-e6d2-632a5b4858d6">
      <mxCell style="image;image=images/user.png" parent="e1de412a-2da2-211a-b41c-c67274e1ba18" vertex="1">
        <mxGeometry x="586" y="370" width="48" height="48" as="geometry"/>
      </mxCell>
    </party>
    <mxCell id="f3c29ef4-0a48-799c-0138-a40db48d7f10" value="" parent="e1de412a-2da2-211a-b41c-c67274e1ba18" source="b7d2d26c-c873-0c69-3f8f-1acfd3d02bc3" target="503024ee-e14c-2fb6-e6d2-632a5b4858d6" edge="1">
      <mxGeometry relative="1" as="geometry"/>
    </mxCell>
    <mxCell id="a31a14de-a309-187e-2e75-437fe658d22f" value="" parent="e1de412a-2da2-211a-b41c-c67274e1ba18" source="ac7fec05-7e50-241d-a4e5-d302e60bd8f7" target="deba5856-9a26-6de0-3d50-981594227df7" edge="1">
      <mxGeometry relative="1" as="geometry"/>
    </mxCell>
    <event label="Document.sign" async="false" id="a2451b49-1a3c-587b-d40b-fbf3330fca53">
      <mxCell style="image;image=images/symbols/rule.png" parent="e1de412a-2da2-211a-b41c-c67274e1ba18" vertex="1">
        <mxGeometry x="732" y="83" width="32" height="32" as="geometry"/>
      </mxCell>
    </event>
    <mxCell id="a0a9e562-6a79-286e-32ab-0b1aaadde44d" value="" parent="e1de412a-2da2-211a-b41c-c67274e1ba18" source="deba5856-9a26-6de0-3d50-981594227df7" target="a2451b49-1a3c-587b-d40b-fbf3330fca53" edge="1">
      <mxGeometry relative="1" as="geometry"/>
    </mxCell>
    <event label="Document.sign" async="false" id="2c77690d-0239-1340-55c5-836598e66ffd">
      <mxCell style="image;image=images/symbols/rule.png" parent="e1de412a-2da2-211a-b41c-c67274e1ba18" vertex="1">
        <mxGeometry x="732" y="378" width="32" height="32" as="geometry"/>
      </mxCell>
    </event>
    <mxCell id="e4050cbc-14ef-9347-41c4-907afec30fe6" value="" parent="e1de412a-2da2-211a-b41c-c67274e1ba18" source="503024ee-e14c-2fb6-e6d2-632a5b4858d6" target="2c77690d-0239-1340-55c5-836598e66ffd" edge="1">
      <mxGeometry relative="1" as="geometry"/>
    </mxCell>
    <party label="SM HR" to="${_approver_}" instruction="" allocationmethod="Original Recipient" groupdistribution="Rotational" id="9a494c5a-81e6-ef54-64d2-e05375b986ee">
      <mxCell style="image;image=images/user.png" parent="e1de412a-2da2-211a-b41c-c67274e1ba18" vertex="1">
        <mxGeometry x="724" y="173" width="48" height="48" as="geometry"/>
      </mxCell>
    </party>
    <mxCell id="bbfdb64b-a073-f673-12e5-80b57e2e4e19" value="" parent="e1de412a-2da2-211a-b41c-c67274e1ba18" source="6a3093db-396c-f93d-e389-0c4a0daf06a4" target="9a494c5a-81e6-ef54-64d2-e05375b986ee" edge="1">
      <mxGeometry relative="1" as="geometry"/>
    </mxCell>
    <party label="HCM" to="${_approver_}" instruction="" allocationmethod="Original Recipient" groupdistribution="Rotational" id="5c3a2fba-455b-e7d3-4a0a-228da8e62f61">
      <mxCell style="image;image=images/user.png" parent="e1de412a-2da2-211a-b41c-c67274e1ba18" vertex="1">
        <mxGeometry x="721" y="271" width="48" height="48" as="geometry"/>
      </mxCell>
    </party>
    <mxCell id="913de03c-d428-7a90-5f8f-155af44fb6c2" value="" parent="e1de412a-2da2-211a-b41c-c67274e1ba18" source="28d35482-ffc2-1392-237e-c8f795017d0c" target="5c3a2fba-455b-e7d3-4a0a-228da8e62f61" edge="1">
      <mxGeometry relative="1" as="geometry"/>
    </mxCell>
    <event label="Document.sign" async="false" id="6c7bfb8a-e166-0fb9-0cba-d2205fb323ff">
      <mxCell style="image;image=images/symbols/rule.png" parent="e1de412a-2da2-211a-b41c-c67274e1ba18" vertex="1">
        <mxGeometry x="846" y="181" width="32" height="32" as="geometry"/>
      </mxCell>
    </event>
    <event label="Document.sign" async="false" id="00afd543-c36a-e153-66c4-629f66cfa416">
      <mxCell style="image;image=images/symbols/rule.png" parent="e1de412a-2da2-211a-b41c-c67274e1ba18" vertex="1">
        <mxGeometry x="849" y="279" width="32" height="32" as="geometry"/>
      </mxCell>
    </event>
    <mxCell id="09405124-be81-43b9-2922-7479d4a2d2c4" value="" parent="e1de412a-2da2-211a-b41c-c67274e1ba18" source="5c3a2fba-455b-e7d3-4a0a-228da8e62f61" target="00afd543-c36a-e153-66c4-629f66cfa416" edge="1">
      <mxGeometry relative="1" as="geometry"/>
    </mxCell>
    <mxCell id="cead5b06-7b9a-9eba-a1fe-f419cd45db05" value="" parent="e1de412a-2da2-211a-b41c-c67274e1ba18" source="9a494c5a-81e6-ef54-64d2-e05375b986ee" target="6c7bfb8a-e166-0fb9-0cba-d2205fb323ff" edge="1">
      <mxGeometry relative="1" as="geometry"/>
    </mxCell>
    <rule name="sendEmail" properties="{&quot;properties.to&quot;:&quot;${_hcp_}&quot;,&quot;properties.subject&quot;:&quot;Transfer Letter Approved - ${formNo}&quot;,&quot;properties.from&quot;:&quot;&quot;,&quot;properties.inReplyTo&quot;:&quot;&quot;,&quot;properties.html&quot;:&quot;false&quot;,&quot;properties.sms&quot;:&quot;false&quot;,&quot;properties.body&quot;:&quot;Dear ${_approver_}\n\nPlease note that the request for transfer of ${employee_name} has been declined.\n\n${permLink}\n\nRegards\nTE&quot;,&quot;properties.attachSource&quot;:&quot;false&quot;,&quot;properties.attachAttachments&quot;:&quot;false&quot;,&quot;properties.attachPdf&quot;:&quot;false&quot;,&quot;properties.attachLinks&quot;:&quot;true&quot;,&quot;properties.index&quot;:&quot;&quot;}" id="bed5fcdd-14dc-23fe-de53-7e33ba650121">
      <mxCell style="image;image=images/send_email.png" parent="e1de412a-2da2-211a-b41c-c67274e1ba18" vertex="1">
        <mxGeometry x="971" y="228" width="38" height="38" as="geometry"/>
      </mxCell>
    </rule>
    <mxCell id="f7bdf4f5-0ab7-6c78-a9f3-76c4db246fa2" value="reason == &#39;Declined&#39;" parent="e1de412a-2da2-211a-b41c-c67274e1ba18" source="6c7bfb8a-e166-0fb9-0cba-d2205fb323ff" target="bed5fcdd-14dc-23fe-de53-7e33ba650121" edge="1" label="Declined">
      <mxGeometry relative="1" as="geometry">
        <Array as="points">
          <mxPoint x="862" y="240"/>
          <mxPoint x="925" y="240"/>
          <mxPoint x="925" y="247"/>
        </Array>
      </mxGeometry>
    </mxCell>
    <mxCell id="970a8054-b784-9ef5-c8b1-162238cae40c" value="reason == &#39;Declined&#39;" parent="e1de412a-2da2-211a-b41c-c67274e1ba18" source="00afd543-c36a-e153-66c4-629f66cfa416" target="bed5fcdd-14dc-23fe-de53-7e33ba650121" edge="1" label="Declined">
      <mxGeometry relative="1" as="geometry">
        <Array as="points">
          <mxPoint x="865" y="270"/>
          <mxPoint x="926" y="270"/>
          <mxPoint x="926" y="247"/>
        </Array>
      </mxGeometry>
    </mxCell>
    <mxCell id="be46eaf7-ef27-4acf-2e77-07ef83bdac0b" value="reason == &#39;Declined&#39;" parent="e1de412a-2da2-211a-b41c-c67274e1ba18" source="2c77690d-0239-1340-55c5-836598e66ffd" target="bed5fcdd-14dc-23fe-de53-7e33ba650121" edge="1" label="Declined">
      <mxGeometry relative="1" as="geometry">
        <Array as="points">
          <mxPoint x="748" y="345"/>
          <mxPoint x="990" y="345"/>
        </Array>
      </mxGeometry>
    </mxCell>
    <mxCell id="f769e06d-fead-d8b4-c18c-402570183ce6" value="reason == &#39;Declined&#39;" parent="e1de412a-2da2-211a-b41c-c67274e1ba18" source="a2451b49-1a3c-587b-d40b-fbf3330fca53" target="bed5fcdd-14dc-23fe-de53-7e33ba650121" edge="1" label="Declined">
      <mxGeometry relative="1" as="geometry">
        <Array as="points">
          <mxPoint x="748" y="156"/>
          <mxPoint x="990" y="156"/>
        </Array>
      </mxGeometry>
    </mxCell>
    <rule name="runScript" properties="{&quot;properties.sync&quot;:&quot;false&quot;,&quot;properties.script&quot;:&quot;&quot;,&quot;properties.path&quot;:&quot;System/scripts/HmpAssignToEmployee.groovy&quot;}" label="Find Employee" id="98fb05a4-fa51-5fbf-59a4-54b26a67948d">
      <mxCell style="image;image=images/script.png" parent="e1de412a-2da2-211a-b41c-c67274e1ba18" vertex="1">
        <mxGeometry x="1152" y="194" width="38" height="38" as="geometry"/>
      </mxCell>
    </rule>
    <mxCell id="8796dddd-499f-e3e2-6e70-8bb589111795" value="" parent="e1de412a-2da2-211a-b41c-c67274e1ba18" source="bed5fcdd-14dc-23fe-de53-7e33ba650121" target="4b5ecf53-2068-e3f0-f253-e35f7edcf85d" edge="1">
      <mxGeometry relative="1" as="geometry"/>
    </mxCell>
    <mxCell id="cde4d9a4-445d-c749-147c-e9d15c949c37" value="reason == &#39;Approved&#39;" parent="e1de412a-2da2-211a-b41c-c67274e1ba18" source="a2451b49-1a3c-587b-d40b-fbf3330fca53" target="98fb05a4-fa51-5fbf-59a4-54b26a67948d" edge="1" label="Approved">
      <mxGeometry relative="1" as="geometry"/>
    </mxCell>
    <mxCell id="46b29a32-40dd-40ec-c17e-3a027df21c5d" value="reason == &#39;Approved&#39;" parent="e1de412a-2da2-211a-b41c-c67274e1ba18" source="6c7bfb8a-e166-0fb9-0cba-d2205fb323ff" target="98fb05a4-fa51-5fbf-59a4-54b26a67948d" edge="1" label="Approved">
      <mxGeometry relative="1" as="geometry"/>
    </mxCell>
    <mxCell id="95590cd7-8ae4-2d0a-c0f2-e3169953e998" value="reason == &#39;Approved&#39;" parent="e1de412a-2da2-211a-b41c-c67274e1ba18" source="00afd543-c36a-e153-66c4-629f66cfa416" target="98fb05a4-fa51-5fbf-59a4-54b26a67948d" edge="1" label="Approved">
      <mxGeometry relative="1" as="geometry"/>
    </mxCell>
    <mxCell id="7d785fc9-7c28-79e7-5474-eccab38ba4c8" value="reason == &#39;Approved&#39;" parent="e1de412a-2da2-211a-b41c-c67274e1ba18" source="2c77690d-0239-1340-55c5-836598e66ffd" target="98fb05a4-fa51-5fbf-59a4-54b26a67948d" edge="1" label="Approved">
      <mxGeometry relative="1" as="geometry"/>
    </mxCell>
    <rule name="sendEmail" properties="{&quot;properties.to&quot;:&quot;${_employee_}&quot;,&quot;properties.subject&quot;:&quot;Transfer Letter Approved ${formNo}&quot;,&quot;properties.from&quot;:&quot;&quot;,&quot;properties.inReplyTo&quot;:&quot;&quot;,&quot;properties.html&quot;:&quot;false&quot;,&quot;properties.sms&quot;:&quot;false&quot;,&quot;properties.body&quot;:&quot;Dear ${_employee_}\n\nPlease see attached the Transfer Letter for ${createdBy}, SAP Number:${sap_no}.\n\nTo access the letter please click on the link below\n\n${permLink}\n&quot;,&quot;properties.attachSource&quot;:&quot;false&quot;,&quot;properties.attachAttachments&quot;:&quot;false&quot;,&quot;properties.attachPdf&quot;:&quot;false&quot;,&quot;properties.attachLinks&quot;:&quot;false&quot;,&quot;properties.index&quot;:&quot;&quot;}" id="17ceed83-cdb6-4fc5-53f9-9e6cfa18098f">
      <mxCell style="image;image=images/send_email.png" parent="e1de412a-2da2-211a-b41c-c67274e1ba18" vertex="1">
        <mxGeometry x="1263" y="194" width="38" height="38" as="geometry"/>
      </mxCell>
    </rule>
    <rule name="sendEmail" properties="{&quot;properties.to&quot;:&quot;Compensation Officer&quot;,&quot;properties.subject&quot;:&quot;Transfer Letter Approved ${formNo}&quot;,&quot;properties.from&quot;:&quot;&quot;,&quot;properties.inReplyTo&quot;:&quot;&quot;,&quot;properties.html&quot;:&quot;false&quot;,&quot;properties.sms&quot;:&quot;false&quot;,&quot;properties.body&quot;:&quot;Dear ${_employee_}\n\nPlease see attached the Transfer Letter for ${createdBy}, SAP Number:${sap_no}.\n\nTo access the letter please click on the link below\n\n${permLink}\n&quot;,&quot;properties.attachSource&quot;:&quot;false&quot;,&quot;properties.attachAttachments&quot;:&quot;false&quot;,&quot;properties.attachPdf&quot;:&quot;false&quot;,&quot;properties.attachLinks&quot;:&quot;false&quot;,&quot;properties.index&quot;:&quot;&quot;}" id="49e2ea3e-b575-3bc8-1e29-1ae857ed4314">
      <mxCell style="image;image=images/send_email.png" parent="e1de412a-2da2-211a-b41c-c67274e1ba18" vertex="1">
        <mxGeometry x="1377" y="194" width="38" height="38" as="geometry"/>
      </mxCell>
    </rule>
    <mxCell id="999221b9-dec9-81d2-4987-9ca26817cc64" value="" parent="e1de412a-2da2-211a-b41c-c67274e1ba18" source="98fb05a4-fa51-5fbf-59a4-54b26a67948d" target="17ceed83-cdb6-4fc5-53f9-9e6cfa18098f" edge="1">
      <mxGeometry relative="1" as="geometry"/>
    </mxCell>
    <mxCell id="2c6d7b51-5a12-5e45-34fd-687ce7fd788b" value="" parent="e1de412a-2da2-211a-b41c-c67274e1ba18" source="17ceed83-cdb6-4fc5-53f9-9e6cfa18098f" target="49e2ea3e-b575-3bc8-1e29-1ae857ed4314" edge="1">
      <mxGeometry relative="1" as="geometry"/>
    </mxCell>
    <party label="Employee" to="${_employee_}" instruction="" allocationmethod="Original Recipient" groupdistribution="Rotational" id="6c9cfcf0-c900-78c0-7121-12425cabf74c">
      <mxCell style="image;image=images/user.png" parent="e1de412a-2da2-211a-b41c-c67274e1ba18" vertex="1">
        <mxGeometry x="1473" y="189" width="48" height="48" as="geometry"/>
      </mxCell>
    </party>
    <mxCell id="4fb4872e-37c6-55c8-a2d3-6103179d5ae4" value="" parent="e1de412a-2da2-211a-b41c-c67274e1ba18" source="49e2ea3e-b575-3bc8-1e29-1ae857ed4314" target="6c9cfcf0-c900-78c0-7121-12425cabf74c" edge="1">
      <mxGeometry relative="1" as="geometry"/>
    </mxCell>
    <event label="Document.sign" async="false" id="a94536e8-496d-7d94-d387-529bde4d8794">
      <mxCell style="image;image=images/symbols/rule.png" parent="e1de412a-2da2-211a-b41c-c67274e1ba18" vertex="1">
        <mxGeometry x="1572" y="197" width="32" height="32" as="geometry"/>
      </mxCell>
    </event>
    <mxCell id="b4e0a644-2ac5-a632-79d5-a625bbbd0202" value="" parent="e1de412a-2da2-211a-b41c-c67274e1ba18" source="6c9cfcf0-c900-78c0-7121-12425cabf74c" target="a94536e8-496d-7d94-d387-529bde4d8794" edge="1">
      <mxGeometry relative="1" as="geometry"/>
    </mxCell>
    <rule name="sendEmail" properties="{&quot;properties.to&quot;:&quot;${_hcp_}&quot;,&quot;properties.subject&quot;:&quot;Transfer Letter Declined ${formNo}&quot;,&quot;properties.from&quot;:&quot;&quot;,&quot;properties.inReplyTo&quot;:&quot;&quot;,&quot;properties.html&quot;:&quot;false&quot;,&quot;properties.sms&quot;:&quot;false&quot;,&quot;properties.body&quot;:&quot;Dear ${_approver_}\n\nPlease note that the request for transfer of ${employee_name} has been approved.\n\n${permLink}\n\nRegards\nTE&quot;,&quot;properties.attachSource&quot;:&quot;false&quot;,&quot;properties.attachAttachments&quot;:&quot;false&quot;,&quot;properties.attachPdf&quot;:&quot;false&quot;,&quot;properties.attachLinks&quot;:&quot;false&quot;,&quot;properties.index&quot;:&quot;&quot;}" id="1964940a-f039-68f5-6cc0-079e32ec2dd9">
      <mxCell style="image;image=images/send_email.png" parent="e1de412a-2da2-211a-b41c-c67274e1ba18" vertex="1">
        <mxGeometry x="1569" y="305" width="38" height="38" as="geometry"/>
      </mxCell>
    </rule>
    <mxCell id="ff5aa62c-3e12-83d3-c45a-e9798a2767bd" value="reason == &#39;Declined&#39;" parent="e1de412a-2da2-211a-b41c-c67274e1ba18" source="a94536e8-496d-7d94-d387-529bde4d8794" target="1964940a-f039-68f5-6cc0-079e32ec2dd9" edge="1" label="Declined">
      <mxGeometry relative="1" as="geometry"/>
    </mxCell>
    <end id="5215ddc9-9949-8650-4108-3a864b462094">
      <mxCell style="image;image=images/symbols/terminate.png" parent="e1de412a-2da2-211a-b41c-c67274e1ba18" vertex="1">
        <mxGeometry x="1575" y="393" width="25" height="25" as="geometry"/>
      </mxCell>
    </end>
    <mxCell id="88aa5bfb-b9cd-d44b-6e74-cb340db1a0c8" value="" parent="e1de412a-2da2-211a-b41c-c67274e1ba18" source="1964940a-f039-68f5-6cc0-079e32ec2dd9" target="5215ddc9-9949-8650-4108-3a864b462094" edge="1">
      <mxGeometry relative="1" as="geometry"/>
    </mxCell>
    <rule name="runScript" properties="{&quot;properties.sync&quot;:&quot;false&quot;,&quot;properties.script&quot;:&quot;&quot;,&quot;properties.path&quot;:&quot;System/scripts/HmpGenerateExitChecklist.groovy&quot;}" label="Generate Exit CheckList" id="d986e65a-3f7f-1b27-eed1-24d72580ed38">
      <mxCell style="image;image=images/script.png" parent="e1de412a-2da2-211a-b41c-c67274e1ba18" vertex="1">
        <mxGeometry x="1686" y="194" width="38" height="38" as="geometry"/>
      </mxCell>
    </rule>
    <mxCell id="30734d6e-3b3e-822c-d07a-df6234972454" value="reason == &#39;Approved&#39;" parent="e1de412a-2da2-211a-b41c-c67274e1ba18" source="a94536e8-496d-7d94-d387-529bde4d8794" target="d986e65a-3f7f-1b27-eed1-24d72580ed38" edge="1" label="Approved">
      <mxGeometry relative="1" as="geometry"/>
    </mxCell>
    <mxCell id="04085acc-9016-c304-bc77-58ce2f6fc89c" value="" parent="e1de412a-2da2-211a-b41c-c67274e1ba18" source="d986e65a-3f7f-1b27-eed1-24d72580ed38" target="5215ddc9-9949-8650-4108-3a864b462094" edge="1">
      <mxGeometry relative="1" as="geometry">
        <Array as="points">
          <mxPoint x="1707" y="406"/>
        </Array>
      </mxGeometry>
    </mxCell>
  </root>
</mxGraphModel>
